OBJECTID,LAD19CD,LAD19NM,LAD19NMW,BNG_E,BNG_N,LONG,LAT,Shape__Area,Shape__Length,GlobalID
1,E06000001,Hartlepool, ,447157,531476,-1.27023,54.6762,93640735.0923462,69780.4164463245,76354284-e18d-4e80-92be-1e2c96ef69ac
2,E06000002,Middlesbrough, ,451141,516887,-1.21099,54.5447,53876125.2261353,42262.9901349357,490cb296-138a-4443-ac60-e992bef06ace
3,E06000003,Redcar and Cleveland, ,464359,519597,-1.00611,54.5675,244875892.970566,96548.9325704479,4348e569-b2f4-4ec9-b761-3a4357f0fd87
4,E06000004,Stockton-on-Tees, ,444937,518183,-1.30669,54.5569,204957876.876068,115541.332608035,8f93c334-e646-4772-bd1d-169cd20ccab0
5,E06000005,Darlington, ,428029,515648,-1.56835,54.5353,197497568.819778,105784.9839371,31e77654-c767-448f-904c-34d7e2d31e5d
6,E06000006,Halton, ,354246,382146,-2.68853,53.3342,79086403.4175797,76340.0080958423,e7a077bc-edb2-4ee4-9b0b-5b93f130f738
7,E06000007,Warrington, ,362744,388456,-2.56167,53.3916,180645250.66214,111798.638795887,872c1e85-4883-4418-8326-7d8bc6948194
8,E06000008,Blackburn with Darwen, ,369490,422806,-2.4636,53.7008,137062512.864838,63732.3217911817,2617ff6a-7806-413e-856a-bd4e831d3d61
9,E06000009,Blackpool, ,332763,436633,-3.02284,53.8216,34875248.1778412,34580.3448966433,cb3aed54-d823-44ea-8b0c-16a8de1cf126
10,E06000010,"Kingston upon Hull, City of", ,511894,431716,-0.3038,53.7698,71462312.4897614,63584.4027205986,a76de17f-6b42-42b8-88ca-d2617c556775
11,E06000011,East Riding of Yorkshire, ,488051,443608,-0.66203,53.8812,2406542931.03928,496921.153101053,be25a3a9-3565-4811-bf7a-854ddc312550
12,E06000012,North East Lincolnshire, ,523454,404574,-0.13927,53.5234,191925571.979431,85139.0377394138,81ba7ecc-6221-45e3-96b6-2edd535e1f91
13,E06000013,North Lincolnshire, ,497798,410996,-0.5241,53.5864,846328059.527496,237755.597007072,f7cd2f2c-f6e2-47f4-aefc-d8ae8d0ba9bd
14,E06000014,York, ,460864,452589,-1.07375,53.9658,271944684.57402,100435.19758865,5a65c5db-ddab-4030-abde-a89f366c7978
15,E06000015,Derby, ,435609,335375,-1.47189,52.9146,78016932.3108826,49298.8582782337,734a0643-de68-4539-b2f7-6497278984c6
16,E06000016,Leicester, ,458946,304594,-1.1304,52.6359,73398834.8337784,50775.9219298989,ca79579e-068b-42df-8aaf-2fc6c232d73d
17,E06000017,Rutland, ,492992,308655,-0.6263,52.6676,393750796.693146,120252.809376996,713ebd86-3502-4ef8-af8d-534fb6b552ed
18,E06000018,Nottingham, ,456082,339969,-1.16667,52.9542,74588474.4003906,58022.4453878361,7a68b429-351b-4e0f-a61e-40af05c249b1
19,E06000019,"Herefordshire, County of", ,349434,242834,-2.73931,52.0815,2179710487.5686,338901.362685581,19ffab9b-47c0-4746-8e52-fdd4a1094487
20,E06000020,Telford and Wrekin, ,367035,313057,-2.48941,52.7142,290324614.329742,115362.660918261,14c9840b-a94d-44a8-939c-e432d90b6f1a
21,E06000021,Stoke-on-Trent, ,389438,346652,-2.15888,53.0171,93434372.3615646,62250.2980601195,0c677245-6281-4e41-9803-36e274b92968
22,E06000022,Bath and North East Somerset, ,366217,161999,-2.48654,51.356,351175065.9505,137383.291806274,c466d232-670a-463d-9983-8962ad5f4360
23,E06000023,"Bristol, City of", ,359990,174846,-2.57742,51.4711,109694525.435741,108901.920657113,5bbe98ab-d28f-41b4-8226-36375f46f9ba
24,E06000024,North Somerset, ,347613,166719,-2.75439,51.3971,374707415.610699,148321.812622536,a04a1baf-9632-4b8e-9f05-62dafc96f24d
25,E06000025,South Gloucestershire, ,367559,183196,-2.46922,51.5467,496949796.963127,140311.70622006,070b9057-2b03-4940-934b-a6bf67561770
26,E06000026,Plymouth, ,249944,58255,-4.11299,50.4049,79887483.4618139,88995.8497463408,ebb04e1d-964f-4128-855e-d643a9eed901
27,E06000027,Torbay, ,289730,64608,-3.55523,50.4709,62925135.0354176,73591.7809267207,7acd2d9e-e2f7-442d-92b0-41aa46632709
28,E06000030,Swindon, ,418551,186564,-1.73367,51.5776,230104574.836395,99570.9696555051,cc264293-f971-4fbf-8c5a-2e86880523dc
29,E06000031,Peterborough, ,517372,300777,-0.26874,52.5921,343441762.978302,111043.216487447,fae62aa2-a3be-4472-bd69-d3e293180621
30,E06000032,Luton, ,508606,222559,-0.42319,51.891,43342115.6764069,34284.6868543313,120b31da-c150-4af3-bff7-db7e68f9eb2e
31,E06000033,Southend-on-Sea, ,587776,186833,0.706906,51.5491,41746293.9839478,42059.1327444264,a864c522-bc1e-49be-ab95-825fc249ef2a
32,E06000034,Thurrock, ,562126,181586,0.334902,51.5099,163426188.802444,91536.8587164107,b257208a-ac62-463f-b10d-ffd0b288222d
33,E06000035,Medway, ,578207,175196,0.563173,51.4477,193521047.585938,179610.296276637,55fdb459-7de2-469a-926b-ae9ebe1c4be7
34,E06000036,Bracknell Forest, ,488169,168792,-0.73363,51.4113,109328198.362167,61829.6083955606,74a0e70a-96e2-4ebf-9cde-335312cb5f60
35,E06000037,West Berkshire, ,450575,172095,-1.27364,51.4456,704157373.829277,163545.255220337,80c0d03a-8ae8-440c-aac3-819df392d813
36,E06000038,Reading, ,470226,173154,-0.99071,51.453,40393424.0947723,38664.9083434374,b13660dd-c689-47c8-a2ae-26429a63b218
37,E06000039,Slough, ,498920,179246,-0.57617,51.5035,32537292.7467041,43345.2879370378,d940dc1c-1f7b-4299-be71-4c91d4c7dda4
38,E06000040,Windsor and Maidenhead, ,492079,176541,-0.67541,51.4803,198410555.475418,113839.067022912,541cb581-4787-4328-8cc4-39b4d4cb128e
39,E06000041,Wokingham, ,476624,169902,-0.89935,51.423,178959877.676018,85699.4209545666,6808b7fb-313b-42f5-9fb3-0a4b112e30f1
40,E06000042,Milton Keynes, ,486408,242308,-0.7407,52.0724,308641303.234985,100967.800233773,cea4df58-bd73-434b-b87c-7145fad3a4d7
41,E06000043,Brighton and Hove, ,530279,106849,-0.15079,50.8465,82838369.9347267,58386.1982965095,0013b17d-1ad7-4bd0-8e6a-fe453077b1ac
42,E06000044,Portsmouth, ,465607,101357,-1.07023,50.808,40384373.2771988,63240.5204012166,e53c5a7e-b7ec-487d-8c5d-dd675ab808df
43,E06000045,Southampton, ,442253,113608,-1.40025,50.9204,49915676.2219467,57259.4123613716,32db6ec0-ad67-40d2-99ec-478a764c3469
44,E06000046,Isle of Wight, ,447183,85949,-1.33366,50.6713,380312517.756628,186258.51114357,71107993-4518-465d-bb61-ff6b925b75c7
45,E06000047,County Durham, ,410381,532242,-1.8405,54.6851,2231562109.23993,309275.100159617,f6a379c2-c21a-4ba6-a139-bef378c821e8
46,E06000049,Cheshire East, ,380510,363462,-2.29299,53.1679,1166368750.7505,289417.213012548,6ef93550-fc6a-4ae1-932b-ac47d64a40a4
47,E06000050,Cheshire West and Chester, ,353097,363145,-2.70298,53.1634,916653959.356277,297108.362255297,7ea9f71f-1228-4c2b-8a1e-5501ed059617
48,E06000051,Shropshire, ,350227,302960,-2.73667,52.6221,3197324996.57485,559593.937961855,4f5d251c-4489-48d4-b2fd-cd0e98b7efca
49,E06000052,Cornwall, ,212501,64494,-4.64249,50.4502,3549486667.05584,1096453.80746994,ecf8ef50-64f0-4e94-86b3-6f9d801344cb
50,E06000053,Isles of Scilly, ,91327,11447,-6.30217,49.9233,16421116.2467637,103234.873077948,97caad10-49e7-4246-86ab-23c9f117b911
51,E06000054,Wiltshire, ,405209,158863,-1.92661,51.3288,3255321090.70559,394545.355901689,8a1babac-ef06-490c-bc01-2921bb7ba7f5
52,E06000055,Bedford, ,505721,256463,-0.45463,52.1963,476348303.562119,129920.356339845,339bcff9-f565-43b7-b8f5-9aa49bd18fac
53,E06000056,Central Bedfordshire, ,504615,234492,-0.47754,51.999,715576389.255379,229136.502850034,6add786a-8662-4a54-aee7-55cfb261f82c
54,E06000057,Northumberland, ,395323,600699,-2.07521,55.3004,5026389624.19556,570058.737411251,1e98d0ac-d153-4a1f-bc86-0b42b46920b7
55,E06000058,"Bournemouth, Christchurch and Poole", ,410815,94067,-1.84807,50.7461,161349110.786415,141442.098447573,fd803c18-e5cb-4614-aba0-12eeee2b152d
56,E06000059,Dorset, ,370871,99796,-2.41467,50.797,2491522031.81432,508648.731885926,03a506f5-4d88-4232-a140-4baa3db67c67
57,E07000004,Aylesbury Vale, ,477330,223020,-0.87746,51.9004,902734555.41539,237377.889448169,ea7e2636-fe52-4ec1-a25c-cb795cb06dc6
58,E07000005,Chiltern, ,495432,198692,-0.62112,51.6789,196372789.878937,86161.0914495033,b3fd5765-09f1-450d-9571-b41a672bbffe
59,E07000006,South Bucks, ,498198,185455,-0.58484,51.5594,141284982.014717,83885.206778425,83518f97-9535-40ba-9266-d4ec74893f78
60,E07000007,Wycombe, ,482477,197052,-0.80883,51.6662,324627331.440025,111717.042664436,9fd3e647-a85e-4517-aa70-c4866aba504f
61,E07000008,Cambridge, ,545420,257901,0.126436,52.2002,40699249.4438019,36912.74175298,8e76e58b-594e-474f-8309-a858bac35293
62,E07000009,East Cambridgeshire, ,555577,275765,0.283163,52.3579,651288841.987961,232257.179497813,c70acd1c-a063-4b34-8325-5e72ca7387a0
63,E07000010,Fenland, ,536361,294959,0.009016,52.5354,546496974.445221,192039.111740928,f2b6fec2-3dd8-4987-83bc-7c15a8312d04
64,E07000011,Huntingdonshire, ,521010,274271,-0.22467,52.3532,912565370.267525,220977.441335179,3892e888-ace4-433c-97b0-883ce01e7ee7
65,E07000012,South Cambridgeshire, ,543295,247586,0.091017,52.1081,901703477.53054,254806.818794571,b043e279-93ee-4dda-ad63-9d405572be1d
66,E07000026,Allerdale, ,317516,532995,-3.28096,54.6852,1257826701.91008,324024.208186229,78535c0b-870b-4387-b7d9-e0b73b9f1cae
67,E07000027,Barrow-in-Furness, ,321750,474171,-3.19976,54.1574,77971372.1311188,115978.181813992,0fc9f902-7227-4bd1-b52e-e016d0512ba0
68,E07000028,Carlisle, ,348444,565195,-2.80705,54.9787,1039175089.79178,267474.034091204,37da8dc4-c29a-4f36-8e23-8f6926130e37
69,E07000029,Copeland, ,310871,508741,-3.37664,54.4662,737711159.793472,225543.599344685,b052e629-6ee4-4b1c-ba11-4e72002da74c
70,E07000030,Eden, ,359636,526396,-2.62678,54.6311,2156537886.95346,264049.318894844,991b994f-d611-4a58-be31-3e5eb21077a4
71,E07000031,South Lakeland, ,349265,489554,-2.78108,54.2991,1552958884.52664,373092.701046766,8eadc791-c623-4314-98db-453c9ca11d73
72,E07000032,Amber Valley, ,436166,348084,-1.46219,53.0288,265422678.972565,103884.089022152,f1a3f243-78cc-4d05-87e2-d1685e98112f
73,E07000033,Bolsover, ,448666,371548,-1.27228,53.2388,160320890.78476,93015.5535810933,d4151230-7187-4169-84cc-ea9c237a7246
74,E07000034,Chesterfield, ,440049,373359,-1.40115,53.2557,66021313.771286,51102.474499008,fa18b920-c329-4969-bf44-69ec601e26d8
75,E07000035,Derbyshire Dales, ,419697,358493,-1.70711,53.1233,795421675.78186,237554.766787004,20a68761-0821-4b9a-9d5e-4479c4a8096f
76,E07000036,Erewash, ,443721,338063,-1.3509,52.9382,109641367.644226,71673.7168084277,f97be0b5-a607-4c17-9105-604fe39581f4
77,E07000037,High Peak, ,410474,387660,-1.84398,53.3857,540207005.895187,156478.790770691,10dc7593-d9b5-46ac-8d9b-258d8e6a39d6
78,E07000038,North East Derbyshire, ,437369,362955,-1.44253,53.1624,275672887.315033,154920.335529068,2ec33ba7-8cc2-4a2b-9201-264573d4e10f
79,E07000039,South Derbyshire, ,431434,325365,-1.53494,52.8249,338100372.247963,162514.312376807,1b311c06-3744-4aba-aaea-7043fb807203
80,E07000040,East Devon, ,313775,96055,-3.22381,50.7576,814494169.775833,211632.582527823,2b422075-5466-40ff-b72c-695507174ae4
81,E07000041,Exeter, ,293236,92003,-3.51372,50.7178,47050460.2430248,46196.3159433576,b31f1e8f-9a13-441f-8ecf-e938405c4945
82,E07000042,Mid Devon, ,288064,108911,-3.59212,50.8688,912824577.551657,238113.978033155,82d7b36d-6a63-41f6-bb8a-d1597d7ec3ff
83,E07000043,North Devon, ,265110,132524,-3.92691,51.0761,1085961343.32104,286163.180478961,3d6af1be-c4b1-4e8e-85db-b651a2a2b85e
84,E07000044,South Hams, ,270677,54033,-3.81994,50.3719,886571671.609981,433659.450211209,98358a7e-c57f-4701-ada7-fb367041eb65
85,E07000045,Teignbridge, ,283069,80251,-3.65396,50.6102,673898589.140879,181977.118779897,b7c6161c-5b76-42f2-b741-ee641af8e47c
86,E07000046,Torridge, ,244206,114405,-4.21731,50.908,985390215.892082,296401.452812705,c6a0707a-1a3b-4f41-9b83-d6227d47d9f5
87,E07000047,West Devon, ,256379,86998,-4.03357,50.6649,1161021403.84912,237809.925363594,7b303323-0d78-497e-9c6b-035f660d90d6
88,E07000061,Eastbourne, ,559351,99605,0.258699,50.7741,44152269.0910187,34453.0200148851,ade5e7f3-a592-4736-a42b-bdb62826e8bb
89,E07000062,Hastings, ,581599,110745,0.579429,50.8677,29719619.7164803,32878.2063785678,2d7a6ef3-68b7-4942-bf7b-0e5c15643a08
90,E07000063,Lewes, ,541474,105685,0.007671,50.8334,292061408.933891,164009.63718535,c1085952-0f02-42b5-b32c-03b3c3efd827
91,E07000064,Rother, ,578730,119663,0.543064,50.9487,511761103.637905,171920.803426755,e31adeba-6dcc-4154-bacc-49beb63fa540
92,E07000065,Wealden, ,555048,117173,0.205153,50.9332,834974556.848995,216377.321609104,5f68f90c-0dfd-4ac8-81c2-6b0590b14705
93,E07000066,Basildon, ,571548,190848,0.475055,51.5904,110021047.799812,70004.9626049581,256d8a01-ab6c-43f1-842c-020d1ead35d9
94,E07000067,Braintree, ,577253,227335,0.575911,51.9163,611720385.706512,164221.902711978,1ee41724-68b3-42a6-8a26-5f20f6d6bf18
95,E07000068,Brentwood, ,558560,196070,0.290091,51.6411,153153310.220001,70304.9866291236,5d288bf7-e777-4c3f-8d4d-9d3b13ee6601
96,E07000069,Castle Point, ,579490,187921,0.588084,51.5616,45038119.0867615,65206.1834792724,7e597a44-f425-4510-ab8f-a9e6a57dd606
97,E07000070,Chelmsford, ,572115,206972,0.491163,51.735,342263504.238129,121785.311239265,d7e06c88-3356-422b-b469-65c32569da3e
98,E07000071,Colchester, ,596944,223692,0.859776,51.877,333129927.109543,197366.832835846,9e8aac7f-10db-485d-ad23-7ede5f24f0c4
99,E07000072,Epping Forest, ,548919,203758,0.154147,51.7128,338986217.629623,120773.763222828,f26bee23-8176-45df-948d-cf4f1d1ef393
100,E07000073,Harlow, ,545276,209589,0.103888,51.7661,30539030.1142731,27921.4893501735,cb17243e-462b-4814-a8c3-70b3dda68e1d
101,E07000074,Maldon, ,591460,212199,0.773857,51.7757,358667146.022713,310094.453533912,02b2be2b-942f-407e-b0d7-efa2e299563b
102,E07000075,Rochford, ,585981,191420,0.683473,51.5909,169367439.472389,169561.972517466,b3bc6c15-b582-49a5-8abe-ae4adae709e5
103,E07000076,Tendring, ,614203,222163,1.10918,51.8569,337774544.964951,216825.518340583,8319c95c-f129-4a53-8b43-d053470bac51
104,E07000077,Uttlesford, ,557832,228865,0.294485,51.9359,641125427.316231,163558.769116431,ecb5191e-d4fa-4502-8c47-7e98a945d736
105,E07000078,Cheltenham, ,394925,222232,-2.07515,51.8986,46568722.8216934,36711.0454538322,e1e0aa75-1f61-4bf9-ac9a-7f60bd1e2689
106,E07000079,Cotswold, ,402125,208209,-1.97059,51.7725,1164517932.1903,324318.891650539,adfdff38-2ca3-4725-bed0-5090b99432f7
107,E07000080,Forest of Dean, ,367175,212759,-2.47755,51.8125,526325914.096207,184254.251037755,bbf67f58-4a1e-4e8a-a564-95071fe497b4
108,E07000081,Gloucester, ,384071,216449,-2.23263,51.8464,40539795.427681,32979.9585711952,cb10ce5d-ff85-4052-9815-4475dfd01abc
109,E07000082,Stroud, ,378806,202410,-2.3082,51.72,460720331.8694,167739.572542192,f0f6b5e3-93f6-4bac-9252-2c3a7107f144
110,E07000083,Tewkesbury, ,386347,226279,-2.19998,51.9348,414415368.183258,200213.51365978,3eb353d2-1cb5-4da1-a2f9-3bcb287a2c76
111,E07000084,Basingstoke and Deane, ,454508,151423,-1.22021,51.2594,633795533.981037,140514.522625099,33ee608a-42e4-4948-b043-d9e11d1bd778
112,E07000085,East Hampshire, ,474404,129237,-0.93971,51.0577,514421501.071735,141935.639735249,5b26de59-1a6a-4308-bd23-d041b7df0a56
113,E07000086,Eastleigh, ,447202,116802,-1.32943,50.9487,79792860.6971817,70925.2543086219,d88f109e-10f8-4db6-b6e7-1330ef63854f
114,E07000087,Fareham, ,453774,106324,-1.23742,50.8539,74250106.1543961,62594.8911212834,44fbf458-45a7-453e-ad6e-c152bee6a29e
115,E07000088,Gosport, ,458773,101094,-1.16725,50.8064,25368870.1696739,36983.9371373733,fdd0dd52-cc6b-4c49-8342-9da0655d1db2
116,E07000089,Hart, ,477985,154240,-0.88321,51.282,215277646.364761,76272.887527714,2af71ebe-fc3a-4bfb-a91c-1a9a6f857677
117,E07000090,Havant, ,470177,108563,-1.004,50.8723,55341275.519001,91848.8518897013,b09d934d-7d72-4531-b9c6-40c6bb8ddf17
118,E07000091,New Forest, ,428999,106521,-1.58936,50.8575,752978923.941284,252745.573714106,1a12b49b-8387-47b4-9d77-2008f5c40cdd
119,E07000092,Rushmoor, ,486022,153944,-0.76807,51.2781,39058008.883255,30783.0060119622,a8ae1887-290a-477a-910b-a8ae280589d0
120,E07000093,Test Valley, ,434930,137329,-1.50214,51.1342,627626703.569851,185983.270399712,a61606dd-0d3a-4177-a2e0-c53be6f8f83d
121,E07000094,Winchester, ,453115,125901,-1.24393,51.03,660977448.533104,169174.375964063,b1f2f264-86df-49ad-bf44-072b87ba4038
122,E07000095,Broxbourne, ,534742,204251,-0.05073,51.7208,51449876.814621,38510.6357472974,009e8419-89f6-4569-ab4d-f6df782bd778
123,E07000096,Dacorum, ,500084,208745,-0.55098,51.7685,212448478.821381,108912.088995362,1c943d46-2dd3-4f2b-886f-03d524393a51
124,E07000098,Hertsmere, ,519774,199352,-0.26899,51.6802,101110427.493011,60264.5058512792,9156e3d9-7119-4438-965b-d9c7934c451f
125,E07000099,North Hertfordshire, ,522192,230256,-0.22314,51.9574,375390019.829933,165927.049963333,a5af103f-bd9f-417b-897d-228ffe9d6f8b
126,E07000102,Three Rivers, ,507313,196418,-0.45005,51.6563,88810778.9050827,73266.3983349213,2dff7bf9-5ae2-41d6-bc53-fc1b1dc6ead3
127,E07000103,Watford, ,510441,198197,-0.40429,51.6717,21405960.6522827,25974.8332996355,c47c1799-4748-4e54-b1ae-44f2ff2cc99e
128,E07000105,Ashford, ,597640,140644,0.823374,51.131,580588378.714401,146621.608921436,a57e119e-c793-4ce0-91f5-43ff4a75882b
129,E07000106,Canterbury, ,616026,158096,1.09626,51.281,308921724.540154,129677.254607972,f94ffcc1-ea9e-484f-b9d6-ac14b61f0287
130,E07000107,Dartford, ,556167,172917,0.245276,51.4337,72781344.4311829,54617.3617500992,b3df9547-5308-454b-8c21-d489e96eb1d1
131,E07000108,Dover, ,628967,150940,1.27693,51.2117,315061906.72644,138095.790579853,41948c1c-1d4f-4646-91f2-0213a2cd2851
132,E07000109,Gravesham, ,566969,169115,0.398744,51.3965,99045934.3948441,58943.3432918941,f7ab9213-ef72-4198-be09-ca8ca2b7851e
133,E07000110,Maidstone, ,580489,151670,0.584061,51.2357,393300897.15905,120145.771443488,9c91a0b0-f36e-44bf-aa8a-c348c17b1898
134,E07000111,Sevenoaks, ,552776,155218,0.188936,51.2756,370328597.872833,130883.045353601,4a88f0ea-ff4f-4b68-904b-29f480032bd8
135,E07000112,Folkestone and Hythe, ,610318,134597,1.0008,51.0722,356803475.42939,146259.34178978,21e14d07-ced7-44c7-9366-5870a30929c3
136,E07000113,Swale, ,593761,161976,0.77953,51.3239,374428820.109962,240388.639546033,5395914b-db07-442b-91f1-6dc9ed1d3d19
137,E07000114,Thanet, ,631844,166753,1.3283,51.3525,103378441.701202,57119.615182823,cd91053e-f6ad-4087-bfde-fc98ded36e1d
138,E07000115,Tonbridge and Malling, ,564014,153898,0.349306,51.2606,240133091.522026,130321.074516461,084c23f7-912c-46a4-867e-7a5ca52cf252
139,E07000116,Tunbridge Wells, ,573139,136599,0.471632,51.1025,331310135.58596,145067.054414749,a43d70ca-98e2-4e1f-8bd9-6b6ac8de26fc
140,E07000117,Burnley, ,384886,430882,-2.2308,53.7741,110687196.906525,56280.4291880647,d448811b-7e84-489d-9544-8b517c4f6a05
141,E07000118,Chorley, ,359189,419724,-2.61921,53.6724,202758979.423935,99592.5549362306,cef0564e-d0a9-4b5f-9167-6bbcd020c898
142,E07000119,Fylde, ,339562,433812,-2.91902,53.7971,165747678.330536,102661.866749861,1b3031b8-2cf8-4eb8-831f-9ab99353339f
143,E07000120,Hyndburn, ,374407,428971,-2.38964,53.7565,73000010.0661163,41760.0828868243,ce8233a0-e610-4149-bb8a-e35e749e7129
144,E07000121,Lancaster, ,356896,464988,-2.6603,54.079,576188274.737259,304926.785340104,13324d30-8d46-4e39-9d31-8726de15c129
145,E07000122,Pendle, ,387637,443368,-2.18957,53.8864,169386489.211029,77787.7516082464,76370d13-40e3-490f-81fc-2fcd6dd0d64a
146,E07000123,Preston, ,352820,436429,-2.71817,53.822,142301737.071274,77536.9909692826,f53f18be-ab47-4a9f-a574-7897cb3ef07f
147,E07000124,Ribble Valley, ,372687,447676,-2.4174,53.9245,584444407.859283,147510.245140957,9fda1508-a064-4dd7-a80f-1ca8afe4a6da
148,E07000125,Rossendale, ,382827,420955,-2.26149,53.6848,138031593.85611,70200.9537764045,4dca679b-979a-4f2c-9fdc-855d0b9d79e0
149,E07000126,South Ribble, ,352016,425840,-2.72873,53.7267,112966114.147659,91140.0287215,d5c33d68-88c0-4aff-8e71-d0e3994c0207
150,E07000127,West Lancashire, ,342611,413268,-2.86893,53.6128,346749979.498528,151505.956131135,febf3c2e-62d7-4711-8d20-64b809775036
151,E07000128,Wyre, ,347227,445159,-2.80462,53.8999,282164789.445587,181042.660210813,5a855bdc-6f6c-4853-83e3-87cdc8cf1b07
152,E07000129,Blaby, ,454385,297994,-1.19887,52.5771,130468388.235962,97739.8603230956,f05657e0-00e4-4842-8a6d-a6940b0a9322
153,E07000130,Charnwood, ,458365,316155,-1.13694,52.7399,279014790.234375,112632.756367828,15215a9d-e361-4760-8ce0-f7af4b235333
154,E07000131,Harborough, ,474549,293875,-0.90229,52.5377,592700980.572968,178067.450785456,0214ff8f-dced-42cf-bcc0-c2c6514232b7
155,E07000132,Hinckley and Bosworth, ,439538,301379,-1.41755,52.6088,297347521.495918,108990.003185151,b387b923-cfef-4697-9cea-0f3c09a4ba3c
156,E07000133,Melton, ,477328,323472,-0.8544,52.8033,481361642.20639,136331.181131326,36ea2609-ae7e-4d16-9cc8-77a2d5c50880
157,E07000134,North West Leicestershire, ,439111,316252,-1.42209,52.7425,279330133.681015,113619.87602039,3cacd668-2626-4fef-8317-cb0fd4b24404
158,E07000135,Oadby and Wigston, ,461543,299379,-1.093,52.5887,23516735.5185776,30020.1715299693,abb56eac-4e02-4a25-897c-a4a223b2e729
159,E07000136,Boston, ,526851,343953,-0.11218,52.9779,364842593.839767,152369.360656421,61e17cbb-dbaa-4145-a6ac-03ba597b17d9
160,E07000137,East Lindsey, ,534862,376106,0.020549,53.2648,1764968910.68222,305814.407708392,1db96aca-52ef-48ab-a079-218dad3f7e71
161,E07000138,Lincoln, ,496347,370096,-0.55848,53.2192,35649387.3417511,32757.190787605,dabff54b-83bd-4ca4-b89e-d25107554db9
162,E07000139,North Kesteven, ,502135,354788,-0.4767,53.0806,922398188.638336,180223.220005062,2e73bf6d-9fae-48e5-a8f2-801203f78f29
163,E07000140,South Holland, ,532909,322928,-0.03058,52.7876,750775978.196732,195567.777360326,de5e4a34-e69b-4bd3-b960-22f412a6a8a2
164,E07000141,South Kesteven, ,501406,328986,-0.49565,52.8489,942666428.88327,206848.758288414,d3398e7e-88f6-49fb-b40a-95c3c1f2ff19
165,E07000142,West Lindsey, ,499314,390326,-0.50774,53.4004,1155666393.88614,246990.228019386,6375e1ee-44f9-4b58-b659-440e0e409d78
166,E07000143,Breckland, ,591015,303330,0.818716,52.5942,1305119173.51147,236060.224558304,35e8b3b5-39d0-409f-8dcf-85f42b7c95cb
167,E07000144,Broadland, ,619865,315909,1.25233,52.6962,552358572.330948,201131.937606144,f8b1308e-5aef-4935-bdf2-f9a9f983f89f
168,E07000145,Great Yarmouth, ,646760,315882,1.6495,52.6844,174466841.638702,135207.22797895,34295ee9-a36d-491f-9e34-232def9db1e1
169,E07000146,King's Lynn and West Norfolk, ,571220,315805,0.533258,52.7128,1438871295.16444,421315.339121526,6dc7795c-7cc9-4c2d-96c3-73722d38d0e5
170,E07000147,North Norfolk, ,611083,330845,1.13219,52.8338,964763659.92952,343780.434937703,1ec852e2-3083-4b44-bebd-65af25c82194
171,E07000148,Norwich, ,622355,309773,1.28498,52.6401,39051684.3129883,58247.76548976,35814aa8-be42-4335-a1b2-8baa01d46b5b
172,E07000149,South Norfolk, ,628991,295823,1.37325,52.5122,907648616.652206,254019.920918185,97b49eab-8b75-47d8-8cb8-fd1ef8d9892e
173,E07000150,Corby, ,487862,290681,-0.7069,52.507,80281566.4989166,64633.90057053,0e9a1fe2-fa07-4d45-8c01-d9fa331af041
174,E07000151,Daventry, ,467286,268437,-1.01447,52.3099,665649049.538406,174787.193685331,8b543338-e57d-413a-a0c8-de2106aad7be
175,E07000152,East Northamptonshire, ,501344,287839,-0.5092,52.4791,509720970.563797,159934.761248697,06c86277-c165-470b-b31a-a3558e24b50d
176,E07000153,Kettering, ,483866,282852,-0.76773,52.4372,233490315.170326,97137.035034298,4dd6b81b-845f-4fc6-8080-08027e77714e
177,E07000154,Northampton, ,476495,260539,-0.88121,52.2378,80718731.975914,45629.4978163397,02c91576-3194-4906-b25d-8feace66c0f5
178,E07000155,South Northamptonshire, ,463000,247077,-1.08129,52.1184,634074885.363609,218886.063677563,e2dc85b7-1ed5-4b6e-8472-2ed36dafbd0f
179,E07000156,Wellingborough, ,487787,266827,-0.71425,52.2926,163106870.166573,67854.264172568,33533078-6bba-486b-b2b9-a409cf78f8e9
180,E07000163,Craven, ,389513,461989,-2.16168,54.0538,1178911795.15315,197091.140910128,cdd90cef-4518-4eac-a05b-34d3b71eb0e2
181,E07000164,Hambleton, ,443009,490546,-1.34049,54.3087,1311238301.28781,293321.235171423,7be095f7-a49f-4f53-9eac-700baa1b4b57
182,E07000165,Harrogate, ,427473,464652,-1.58161,54.0771,1309064285.84767,243781.266845615,89ca06a1-5764-430e-a8ef-0e3961d7a16c
183,E07000166,Richmondshire, ,401039,495786,-1.98552,54.3576,1318718838.24896,219112.054540642,61930bf1-7e07-4d36-ada5-9f4dd880226c
184,E07000167,Ryedale, ,475590,478890,-0.84277,54.2002,1506624454.32195,244873.176571718,d065cf42-c2cf-4de2-9d36-65a3c3498566
185,E07000168,Scarborough, ,495797,495547,-0.5278,54.3465,816655404.09639,235522.903120213,f1f8d74a-e69d-40c7-b994-0bcb6859aa48
186,E07000169,Selby, ,457551,426670,-1.12908,53.7333,599274579.430817,262207.087989449,1a518f2a-71b9-4d31-b28c-220af859d65b
187,E07000170,Ashfield, ,450035,355843,-1.25422,53.0975,109566552.852737,67007.0058630023,4461a68a-d477-4e53-97f5-9accd4d0431f
188,E07000171,Bassetlaw, ,468073,384835,-0.9787,53.356,637852419.201874,156912.593017698,06f8bc69-f954-4518-b2e1-15b8f4f27987
189,E07000172,Broxtowe, ,449829,341893,-1.25944,52.9721,80137663.5883636,64051.1492686128,804ba2a2-97f1-49ee-b2cc-6087af19dfd4
190,E07000173,Gedling, ,459184,347811,-1.11907,53.0243,119974962.789597,68752.7731476796,8dc7d1ea-8563-49b9-8c85-d1b60ccd573c
191,E07000174,Mansfield, ,455047,363637,-1.17804,53.167,76658219.8140259,50233.9147009973,3111f57d-e83e-4eb4-9249-50346a85f5f9
192,E07000175,Newark and Sherwood, ,470624,357451,-0.94643,53.1096,651385165.499512,184376.364872552,48518255-2f6f-449c-aacf-e0bd68c3acc8
193,E07000176,Rushcliffe, ,466606,335453,-1.01097,52.9124,409237976.766907,120692.123832251,95e37cca-14ce-46a2-99e4-b9e5b362efae
194,E07000177,Cherwell, ,449301,221201,-1.28506,51.8872,588706771.27961,219016.363088057,5e332441-feac-42bf-8e7d-01c7ba75eed1
195,E07000178,Oxford, ,452277,206368,-1.24405,51.7536,45619020.5463028,34326.0946211484,633b8a7b-16ae-464f-bc1c-a32f633bdf4e
196,E07000179,South Oxfordshire, ,463890,191964,-1.07847,51.6229,678465332.106888,201360.40141001,a4f92f06-e472-4175-9e22-7fba05c9eb3a
197,E07000180,Vale of White Horse, ,435693,195197,-1.48543,51.6544,578684530.178055,171048.012338367,65a68f0b-46a2-48f3-864a-5818072ba95c
198,E07000181,West Oxfordshire, ,434343,215816,-1.50292,51.8399,714426426.168091,155648.88973002,0af6d1a5-4f83-4447-88c7-7624b4fa8751
199,E07000187,Mendip, ,362238,144090,-2.54178,51.1948,739365246.558838,194748.685612798,5dfa4285-a037-49dc-85f0-6304c9693243
200,E07000188,Sedgemoor, ,338426,143997,-2.88251,51.1918,564379806.922905,239184.778784832,b01a6afd-f7de-41fb-8dd7-2da55ef2ad70
201,E07000189,South Somerset, ,345633,120798,-2.77588,50.984,959025965.05801,234300.529784564,99ff21dc-a96a-4ee0-9e01-f2bf6eb1b979
202,E07000192,Cannock Chase, ,401261,311553,-1.98277,52.7017,78895076.1294785,49299.2801363852,5258a25f-43d9-4459-8eb1-68321b563143
203,E07000193,East Staffordshire, ,412601,326569,-1.81438,52.8365,389976532.705093,178925.363128339,a18e9b04-f4e3-454d-ae89-baacab2ba667
204,E07000194,Lichfield, ,416283,310967,-1.76049,52.6962,331257311.925537,124773.683831173,f778f498-f529-4764-a1ec-7d1d48a09dfb
205,E07000195,Newcastle-under-Lyme, ,378199,345174,-2.32631,53.0034,210942398.596199,103874.441304067,4f430be7-0224-47cb-8bc2-bda242be38ef
206,E07000196,South Staffordshire, ,389625,311037,-2.15495,52.6969,407302867.519531,181172.506505114,a28c77bc-edef-4823-890a-c9415457e56b
207,E07000197,Stafford, ,389001,327836,-2.16475,52.8479,598201384.170044,154259.161560956,8bd7d2c2-2111-4e6a-a973-3df3653ff51e
208,E07000198,Staffordshire Moorlands, ,400543,352443,-1.99334,53.0692,575799201.576515,147042.646887426,828dc631-05a7-43ed-8a45-478bbb054915
209,E07000199,Tamworth, ,421455,302550,-1.68451,52.6203,30849376.2777023,30159.5564602015,bca5fe2d-ca6f-460f-81f5-1862fa904bc6
210,E07000200,Babergh, ,599994,244657,0.916231,52.0642,595248536.497528,184233.658822659,e59c0c4d-5dd7-4dbe-82bf-4bbbdc311f18
211,E07000202,Ipswich, ,616954,244670,1.16327,52.0579,39541903.2299194,43941.7009804419,91843c77-6c76-4510-9b05-5a7df41db8cc
212,E07000203,Mid Suffolk, ,611646,262338,1.09695,52.2186,871044080.621964,188083.750341856,8b87be16-e657-4329-9ee1-6fa4f9eb987c
213,E07000207,Elmbridge, ,511882,163658,-0.39441,51.361,96290481.6899567,51335.5920478437,0678033b-6660-45c9-9414-9cf276191c46
214,E07000208,Epsom and Ewell, ,521176,161475,-0.26172,51.3395,34110720.8442993,28223.1703378951,7712ee09-9041-4547-99ad-61d3e097b1e5
215,E07000209,Guildford, ,500408,151481,-0.56257,51.2537,270953603.967453,125204.33951405,fd2f6f7d-ddf5-4ce3-911f-7cf45517ad3d
216,E07000210,Mole Valley, ,518377,148953,-0.30603,51.2275,258319382.100052,102816.20948855,045e6770-8987-46bc-b39f-8c240fcb6cc4
217,E07000211,Reigate and Banstead, ,525786,152574,-0.19871,51.2585,129126581.76973,77980.4807352623,f985d06a-6802-4f12-93be-3b891a1154f9
218,E07000212,Runnymede, ,501777,166979,-0.53855,51.3927,78054497.1573868,45000.2662306293,1e976a9d-6999-4fef-8746-af45669dd4e2
219,E07000213,Spelthorne, ,507012,169622,-0.46254,51.4155,51173024.489769,43549.5594914066,20c92258-2933-4f11-bc43-006733ab3806
220,E07000214,Surrey Heath, ,491362,160483,-0.68986,51.3361,95085270.6160812,52456.9311982973,fe2314a4-f944-4e0d-acd3-ec910023bf8d
221,E07000215,Tandridge, ,536365,150325,-0.04805,51.2358,248199299.654549,80757.8654311219,7bf14f03-2a60-4df4-9280-05a0154ec3ce
222,E07000216,Waverley, ,496363,140635,-0.62343,51.1569,345182336.80027,122719.768663863,02867da5-c7b8-44c8-bb43-93f3e55c2a4a
223,E07000217,Woking, ,499087,157542,-0.57982,51.3084,63593141.0357742,52830.120893796,62a16e3a-77ff-4af0-8dd5-a4765ff57dca
224,E07000218,North Warwickshire, ,425570,296399,-1.6242,52.5648,284277517.126144,111011.252832288,7b44ddf9-6e35-4bd3-824f-2d8232750f30
225,E07000219,Nuneaton and Bedworth, ,435419,289352,-1.47965,52.5009,78961993.8204422,46923.9465004183,8708a548-c6a3-4dd5-8deb-38eba17807a1
226,E07000220,Rugby, ,446498,276244,-1.31828,52.3823,353553679.936287,111723.904821546,2306fc56-e966-4e81-a17c-eef87b5eb3d7
227,E07000221,Stratford-on-Avon, ,425019,251536,-1.63565,52.1615,977902928.581001,253397.669707031,3ee02dc5-fbf8-4a40-b3ec-8c90ca0e958b
228,E07000222,Warwick, ,428484,267113,-1.58369,52.3014,282867661.600334,113344.692891858,dcc0b8ed-2326-465a-8e58-0df16da0a6fb
229,E07000223,Adur, ,518065,106473,-0.32433,50.8457,41974226.7903557,53991.5935747634,f9024b69-abad-4d17-817d-9931a9b5bb4d
230,E07000224,Arun, ,495145,105724,-0.64998,50.8432,220963387.860401,149696.274443962,ad0a8130-b30a-48a4-ab32-c6f1a7c23c8c
231,E07000225,Chichester, ,490285,116600,-0.7163,50.9418,786291648.058514,234379.447969242,062132a5-d97d-47f1-bf9d-c964f4c7f4d3
232,E07000226,Crawley, ,526390,137581,-0.19533,51.1236,44971450.0104828,38085.0476508263,bb061972-6d80-4940-aa02-05e7ec93831b
233,E07000227,Horsham, ,513676,123839,-0.38123,51.0027,530249031.482944,208394.928594941,2013664f-b299-4171-9fdb-0fb19033deb2
234,E07000228,Mid Sussex, ,533054,130623,-0.10272,51.0595,334002291.848385,129565.867340479,650deeb6-653a-4e83-bfd5-fa1ccde8053e
235,E07000229,Worthing, ,512679,104948,-0.40127,50.8331,32538008.336895,28113.6014219451,cc411f59-3a7a-4ea2-885c-76af4521fe2d
236,E07000234,Bromsgrove, ,399840,273736,-2.00376,52.3617,217032598.119896,110410.124366793,b247d650-9e56-42fa-9208-92fac57fcfce
237,E07000235,Malvern Hills, ,377465,252197,-2.33089,52.1676,577076237.446556,223487.696637148,e1f2adb7-c7d6-41e3-9525-b8d44b1bbeff
238,E07000236,Redditch, ,403705,265253,-1.9471,52.2854,54265819.6149368,40275.871675823,162ca5a4-5491-40aa-9053-cc598ee5beb3
239,E07000237,Worcester, ,385725,255196,-2.21025,52.1948,33292029.8444061,30423.6997906049,6c3cf8fe-bcbf-4b0c-a5f3-32d27b7d2a34
240,E07000238,Wychavon, ,398991,247839,-2.01614,52.1289,663445111.820114,214611.280998404,b4da3516-7e3c-4f6b-aee3-719019e89dcd
241,E07000239,Wyre Forest, ,384106,276388,-2.23494,52.3853,195415460.716171,97483.2639972351,acf73afb-4c78-4bcd-b692-dda0562cbb0a
242,E07000240,St Albans, ,514580,209623,-0.3407,51.7736,161255229.147652,71879.7354298179,0f1dcc35-531b-4345-a60f-1eef74492737
243,E07000241,Welwyn Hatfield, ,525345,208467,-0.18518,51.7609,129481497.330872,81151.3635450519,668bf1c7-30d7-4fce-b18d-e32b3bb5a575
244,E07000242,East Hertfordshire, ,537995,220370,0.002739,51.8648,475698711.127693,132787.317690468,422ba58c-1cc2-42df-b9df-f4d8872b242e
245,E07000243,Stevenage, ,524622,224531,-0.18987,51.9054,25951827.0172424,28129.0195457278,842ddc44-3135-4292-b45d-c26ef7410565
246,E07000244,East Suffolk, ,636039,266218,1.45609,52.2435,1261934682.41139,479224.884761522,79ad965c-510a-4e4e-b543-42684cc42207
247,E07000245,West Suffolk, ,580944,271124,0.652769,52.3084,1034692115.23528,269141.098673558,7151e7c7-b1ed-4f04-aa75-32eb36ed0e6d
248,E07000246,Somerset West and Taunton, ,304960,130228,-3.35766,51.0635,1189351458.52766,281322.038274746,ecbc3cf7-2622-4f1c-8553-3db7ba5f8862
249,E08000001,Bolton, ,368352,409873,-2.47952,53.5845,139795908.93985,78817.0179141069,05b45904-d2bf-4d0f-8f88-ff5cb6ccee0a
250,E08000002,Bury, ,379658,410768,-2.3088,53.5931,99449777.1969147,66930.5329525338,2216f8fb-6824-49bb-aa40-7c8b4351c73c
251,E08000003,Manchester, ,384591,397063,-2.23359,53.4701,115607477.473328,83866.4772012249,4f56f0c3-0728-44aa-a13a-6ebca095ed43
252,E08000004,Oldham, ,396603,406784,-2.05274,53.5577,142346241.836533,69713.3911309231,ec533cf5-634f-4e83-81cc-c48f929d4fa8
253,E08000005,Rochdale, ,390315,412326,-2.14784,53.6074,158153507.832703,81282.6882665622,416e95d9-b14a-4280-9a94-0ab518d1b1f0
254,E08000006,Salford, ,374556,398128,-2.38485,53.4793,97181265.371582,62422.0030034411,bd2dfd94-2ecc-4e79-90bd-4663aef21073
255,E08000007,Stockport, ,391806,388264,-2.12467,53.3912,126044569.543411,71202.7865974005,53b94ebf-7d88-4e53-b2ed-4485786ad16b
256,E08000008,Tameside, ,394987,397995,-2.077,53.4787,103175563.494019,54124.8161789813,e377d761-02fd-46b2-9f48-39f57630144a
257,E08000009,Trafford, ,375790,391162,-2.36572,53.4167,106012477.956467,59162.0176318856,4a1c3e6e-9e51-4354-99f8-d66aaa0a92ce
258,E08000010,Wigan, ,362136,402126,-2.57247,53.5145,188165630.475494,84990.284834977,18d24cd7-4a91-4611-8b49-7c6b2613c5ca
259,E08000011,Knowsley, ,344762,393778,-2.83297,53.4379,86528500.3076859,66909.8879319045,322522d6-5d55-46d8-897c-edbde710d732
260,E08000012,Liverpool, ,339361,390553,-2.91364,53.4083,111827899.781105,61297.4998411009,4c528174-16b6-4944-9f4c-e8c009771e71
261,E08000013,St. Helens, ,353412,395992,-2.7031,53.4586,136409223.986115,74995.2913416247,441e8f7a-0de9-4405-aed4-caaf4600c605
262,E08000014,Sefton, ,334264,398832,-2.99204,53.4821,154934859.80397,116483.627151053,53b974d1-8aa8-4a8c-a380-6de8aa2e9998
263,E08000015,Wirral, ,329242,386937,-3.06502,53.3745,157071223.524971,73171.0014158393,e51de857-3f9b-4b0d-9514-dc0b2d5d4195
264,E08000016,Barnsley, ,429979,403327,-1.54925,53.5258,329144962.668625,123695.124435971,a380b6fb-2ac3-487b-a1c9-27529b070f66
265,E08000017,Doncaster, ,459167,403735,-1.10894,53.527,568021725.325821,168546.599177869,1d3f80a8-0b95-4d47-88ee-94cdc1606cb6
266,E08000018,Rotherham, ,447542,388980,-1.28651,53.3955,286491426.597412,103591.764773479,d022880e-1245-4f49-bc8e-324a4f314760
267,E08000019,Sheffield, ,430511,389736,-1.54254,53.4036,367850686.205307,129339.004161734,f1208308-3c10-4054-b737-2a0c7c0106c2
268,E08000021,Newcastle upon Tyne, ,422287,569662,-1.65297,55.021,113434191.744965,64380.0526815165,f4e83614-e776-4e17-85b4-dead9b631327
269,E08000022,North Tyneside, ,431471,570602,-1.50923,55.029,82354537.779068,62154.0980628031,4a8c5b4a-e73a-42a9-a49f-b28dd138ca0b
270,E08000023,South Tyneside, ,435503,564057,-1.44696,54.9699,64456629.3104858,48907.1559517539,18a57af4-73f5-47a4-bc6e-876d4ad73f07
271,E08000024,Sunderland, ,436470,551525,-1.43344,54.8572,137395439.027939,97388.3911800884,0dd17b50-8b44-42f4-8e29-dc875590c28a
272,E08000025,Birmingham, ,408150,287352,-1.88141,52.484,267773671.949043,104189.556403914,312daa00-a1c8-40b9-819e-06dce6299292
273,E08000026,Coventry, ,432807,279689,-1.51908,52.4142,98646442.986824,52990.0947720337,2b7c1c00-193a-44c8-b0ca-7de06c6aa0b3
274,E08000027,Dudley, ,393191,288584,-2.10171,52.4951,97950149.8298569,72710.7637200394,12ef9a60-2b8f-444f-b453-08b2325dfeac
275,E08000028,Sandwell, ,399573,290764,-2.00771,52.5148,85564067.8142929,57935.3762837471,e83145ec-61ce-495c-b071-ab5588c0f3c9
276,E08000029,Solihull, ,419434,281483,-1.71558,52.431,178285997.79184,98765.2314381865,b620a75d-30b5-4bb4-8ffe-2d7ffad65565
277,E08000030,Walsall, ,402098,300804,-1.97044,52.605,104001978.351959,58589.1217498824,0f2e1176-38f6-4fe8-83be-2abafbb2f5cd
278,E08000031,Wolverhampton, ,391463,300016,-2.12746,52.5979,69430127.0189362,54797.5063846485,fcea2aff-65fd-49b2-81f6-14081b21d7ad
279,E08000032,Bradford, ,408395,438626,-1.87389,53.8438,366425912.441895,131662.17054898,32d7c82b-b572-4c45-9284-fd946098b897
280,E08000033,Calderdale, ,402617,424896,-1.96182,53.7205,363976210.340942,105495.761843172,c3b8b414-909e-4094-bef5-afbc2d41abd7
281,E08000034,Kirklees, ,414586,416223,-1.78085,53.6423,408512153.315659,121502.838367103,3970ea4e-5670-4a75-bf50-64ca704f5fac
282,E08000035,Leeds, ,432528,436384,-1.50736,53.8227,551748719.049438,156604.566301715,3542bc6e-57a0-4bf9-9079-11257a671819
283,E08000036,Wakefield, ,438366,418235,-1.42092,53.6592,338614831.3311,106143.164302219,9a8090a0-e7b2-4060-be6e-e9579fa7c56e
284,E08000037,Gateshead, ,420168,559658,-1.6868,54.9312,142357814.279739,87098.9928990388,c8ecf1a2-5215-4822-b8ab-8beca8328df1
285,E09000001,City of London, ,532382,181358,-0.09351,51.5156,2893680.25814819,8928.1598441611,9c0628c9-6476-4270-b9b3-5d06b21b0030
286,E09000002,Barking and Dagenham, ,547759,185107,0.129506,51.5455,36122463.1805344,39739.6740695939,7b4740ad-d1aa-42ee-ac12-f107467a62eb
287,E09000003,Barnet, ,523472,191753,-0.21821,51.6111,86812621.2906723,49822.464099262,cd718de1-a75c-4d0c-8930-522bc8f11885
288,E09000004,Bexley, ,549202,175433,0.146212,51.4582,60601503.5574417,43942.0971093325,731c51fb-8d16-4649-bb21-5a8d92ef3dcc
289,E09000005,Brent, ,519615,186468,-0.27568,51.5644,43224802.9373856,37644.845130596,676ff409-1250-4a8c-b174-b9689c29b783
290,E09000006,Bromley, ,542036,165708,0.039246,51.3727,150121367.09922,74629.2165569921,6956b348-f424-40b7-b580-5336e662d0eb
291,E09000007,Camden, ,527492,184284,-0.16289,51.5431,21775323.758606,25878.0085807425,0ca41777-6893-495d-8c10-5faa1098c458
292,E09000008,Croydon, ,533922,164745,-0.07761,51.366,86534207.7881622,57471.4894527081,37d20dc2-6c67-4b4c-a73c-24ff66c26a74
293,E09000009,Ealing, ,517057,181960,-0.31407,51.5244,55538762.7206879,46711.6919200568,b3cc4cc0-191d-4d03-9299-c69e881e248b
294,E09000010,Enfield, ,532829,196197,-0.08147,51.6489,82176716.0198822,40461.9478741316,ed4688b3-373f-4e61-9aa8-115fcffe7afc
295,E09000011,Greenwich, ,542508,175881,0.050108,51.464,47293374.1577988,46475.0406631176,0ce491db-2fc6-46a7-927d-4a7532099f92
296,E09000012,Hackney, ,534560,185787,-0.06045,51.5549,19052025.3054123,25022.7762220224,11d3adda-30a1-4386-9518-b72e83a26628
297,E09000013,Hammersmith and Fulham, ,523866,177998,-0.21736,51.4874,16377495.5291672,23430.3336737575,1f652d7e-22c1-4ecd-a56e-b7728938be65
298,E09000014,Haringey, ,531262,189349,-0.10667,51.5877,29595970.1741562,28390.9240678633,74e9723c-cadc-4664-9eab-16edcf34574d
299,E09000015,Harrow, ,515356,189736,-0.33603,51.5947,50444581.7329865,33317.7221592446,6b8ed2c2-fd6a-44c6-8fe9-e1623d9d38d7
300,E09000016,Havering, ,555032,187514,0.235368,51.5652,112328807.187263,62364.9720576931,84c04cdb-28ba-4938-8957-b83d8183b673
301,E09000017,Hillingdon, ,508166,183120,-0.44182,51.5366,115730614.258446,62447.5792361263,8121cd0f-b60a-4247-8523-0cac71182621
302,E09000018,Hounslow, ,512744,174965,-0.37844,51.4624,55967815.16259,59891.6034177408,846ec2fa-e81d-46ae-ae4e-da22cab6113a
303,E09000019,Islington, ,531158,184647,-0.10992,51.5455,14863557.8016129,20475.9584219704,5180b537-4fca-486c-b13f-1a739a689c1a
304,E09000020,Kensington and Chelsea, ,525757,179053,-0.18976,51.4964,12133371.5675659,20704.0093255566,0e0f46e6-063b-4d10-a7a5-8ce73f4df122
305,E09000021,Kingston upon Thames, ,519508,167389,-0.28367,51.393,37286592.4149246,37089.1231626817,2385e646-6e10-4ef3-8659-61ebdcd99bf3
306,E09000022,Lambeth, ,531118,175626,-0.11385,51.4644,26799453.9513092,33350.4945167031,e1ef415d-0134-4487-b54f-5d2f50c89e3d
307,E09000023,Lewisham, ,537889,173344,-0.01733,51.4423,35188731.6398697,40211.0030591057,5cde0b8a-a967-4752-85de-4fbcd0c8ef9d
308,E09000024,Merton, ,526069,169507,-0.18867,51.4106,37629681.3042221,31730.4942656755,9c407167-944d-4f8c-beed-2e8de58d50a1
309,E09000025,Newham, ,540721,183327,0.027369,51.5313,36194801.5935287,34364.2596895109,b823f6d4-1818-4326-be7f-ec82fb3575ae
310,E09000026,Redbridge, ,543512,189478,0.070085,51.5859,56414483.3547211,47804.0997938444,f0e4dbbe-9a37-4143-86e3-e77fb0add5f2
311,E09000027,Richmond upon Thames, ,519005,172648,-0.28914,51.4403,57375083.2162018,66554.4698810679,7efd4b5f-e72c-4add-8399-72c258ffd635
312,E09000028,Southwark, ,533945,175862,-0.07309,51.4659,28835190.2183609,33302.7568195983,9d8e9908-e6b4-4f30-a069-987934f1d5ed
313,E09000029,Sutton, ,527356,163640,-0.17227,51.3576,43837416.3106232,39072.5515531119,1566b0c5-7b6f-497b-a600-ef0033c4935f
314,E09000030,Tower Hamlets, ,536345,181451,-0.0364,51.5155,19779830.9722137,27295.7388433119,7946b1b3-7d2e-4aa0-ac09-b83494b03cce
315,E09000031,Waltham Forest, ,537327,190277,-0.01881,51.5946,38820099.7030792,32641.3361381389,28b1cca8-1fea-406e-a76a-943e6dca4572
316,E09000032,Wandsworth, ,525152,174137,-0.20021,51.4524,34280314.1914291,37924.0031670018,b19398c8-c42c-4311-bc6e-74a6b5ad1264
317,E09000033,Westminster, ,528268,180871,-0.15295,51.5122,21465900.2907791,26909.338193429,77a69446-3825-49da-a135-4a464f1fdf13
318,N09000001,Antrim and Newtownabbey, ,130813,541285,-6.1776,54.6939,728213408.896748,161723.829474981,4970c206-ec71-413b-af47-57e40da5473b
319,N09000002,"Armagh City, Banbridge and Craigavon", ,112110,508158,-6.43455,54.3867,1437048892.83116,237860.966856875,59f776a1-498e-4adc-b10c-2f59cdc37581
320,N09000003,Belfast, ,146465,529747,-5.92535,54.5985,137703300.601082,64570.0879736983,2af3f08c-8a06-4b0b-86d0-18ec056bf3af
321,N09000004,Causeway Coast and Glens, ,106168,581420,-6.5996,55.0396,1985556520.27841,355168.101240653,9c797b30-692c-4618-905b-155a3a722c3f
322,N09000005,Derry City and Strabane, ,51779,559566,-7.42064,54.809,1251074598.9948,264947.94429057,8eef63d6-0696-4927-acad-672417cb65c4
323,N09000006,Fermanagh and Omagh, ,41233,513013,-7.5271,54.3852,3012143612.03425,413367.006318653,92d2d79b-103b-45b5-a348-8f0b86a50196
324,N09000007,Lisburn and Castlereagh, ,138712,518920,-6.03545,54.4975,510435153.303028,162982.827457161,35f5ff27-6490-4eaa-aa47-e2f83ad04dc8
325,N09000008,Mid and East Antrim, ,133943,560151,-6.14645,54.8646,1061341504.89676,227553.056656377,d89f9477-a02a-499d-9456-45074b2f78ae
326,N09000009,Mid Ulster, ,83920,528564,-6.8889,54.5527,1957253768.66217,311020.385883614,b9d706e7-ebee-42a2-8ecd-cd34e5e54975
327,N09000010,"Newry, Mourne and Down", ,133006,480432,-6.08891,54.1495,1682379909.35564,361074.166292045,5569a234-534d-447f-b5f7-8b72e9a85830
328,N09000011,Ards and North Down, ,164321,524944,-5.64568,54.5641,566527330.237091,180146.57746049,d811bc62-53a1-4c0e-87b1-4f9c0a7e039a
329,S12000005,Clackmannanshire, ,291159,696335,-3.75344,56.1472,158976406.564117,90866.0182088005,2ebe39de-a1fa-425a-8f29-f4bd87aa2d0d
330,S12000006,Dumfries and Galloway, ,270645,579857,-4.02863,55.0962,6437725614.47534,1048454.39728691,c305b33c-8ea8-4331-9a90-d8467e380196
331,S12000008,East Ayrshire, ,255398,624935,-4.29057,55.4967,1270368636.79691,330912.050909608,537bb147-9422-4889-a16a-ff79c60632db
332,S12000010,East Lothian, ,354854,672351,-2.72435,55.9421,679220691.387848,190834.177882664,7c968d1a-bc3c-45d9-acfd-f8fdfcaf89fa
333,S12000011,East Renfrewshire, ,251929,653115,-4.3606,55.7487,174254070.548431,91789.4519858257,0bbab839-d888-4f90-a42c-87f36a4b8203
334,S12000013,Na h-Eileanan Siar, ,126473,932862,-6.65722,58.1994,3097613271.36811,3411468.04633553,c8d53030-612d-429c-9547-641fc058a9e7
335,S12000014,Falkirk, ,289661,679536,-3.7706,55.996,297337017.390839,140655.070825936,6d2a6a29-7403-49e2-bf25-b3a6bd57f292
336,S12000017,Highland, ,241026,858306,-4.66091,57.5867,26161503114.6297,4774842.34567924,6e59cb28-61df-46d5-aa18-d9d946a27966
337,S12000018,Inverclyde, ,227922,670899,-4.75387,55.9003,161922028.642883,76186.6310238588,8ae941f2-7202-400a-ab9c-485f62e998e1
338,S12000019,Midlothian, ,330088,659217,-3.11738,55.8211,355275303.102325,124132.496399679,10263a92-a5dc-4c86-acbe-490e6c2fc548
339,S12000020,Moray, ,328024,843593,-3.20187,57.4768,2237796461.61942,421695.7315079,b535eea8-1879-41bf-a66f-172a414cb9c7
340,S12000021,North Ayrshire, ,228984,651640,-4.72479,55.7279,885502754.630928,330940.498437385,e0b81927-5479-4c47-9789-5565f1508e8b
341,S12000023,Orkney Islands, ,348291,1006584,-2.90028,58.9433,1013851769.87535,1103198.64741881,d40540c2-ef04-404f-a97e-08864c958b4b
342,S12000026,Scottish Borders, ,345891,626135,-2.85866,55.5259,4739236484.12027,499149.488004691,99512c37-70ec-44fe-abe7-474e1f5b1f97
343,S12000027,Shetland Islands, ,434516,1180307,-1.37344,60.505,1467973139.97522,2061880.15604287,4ebfe5cc-bec7-4e44-8c59-749c1a1e3818
344,S12000028,South Ayrshire, ,226544,596270,-4.72901,55.2301,1224088556.87977,314544.214613239,c944d654-64b9-486b-a3de-acc62b6601f4
345,S12000029,South Lanarkshire, ,284634,636071,-3.83272,55.6045,1773920193.18973,280083.888499456,8a3f05cd-a83b-4f35-9ea9-0ed7326a9545
346,S12000030,Stirling, ,255980,708769,-4.32595,56.2495,2253433620.12251,334632.875834299,a2faa50e-1c9f-4b76-9155-0ba1f37e701b
347,S12000033,Aberdeen City, ,387763,808478,-2.20398,57.167,185730031.763702,120000.87101246,9728a1e0-d759-44ca-bac6-99dc01ecdfe7
348,S12000034,Aberdeenshire, ,352286,816276,-2.79205,57.2347,6317881410.26826,751005.306700876,fea41cb6-7bf4-4ad0-afc6-52d993e1170e
349,S12000035,Argyll and Bute, ,200740,715442,-5.22114,56.2894,7006609257.73793,3453221.89209874,bc1801d5-42f6-4412-8bcd-154aadf3eefb
350,S12000036,City of Edinburgh, ,320193,669416,-3.27826,55.9112,263337054.306351,105645.311725867,271de50b-817d-4ce8-8aa4-bbbc62a1d0e6
351,S12000038,Renfrewshire, ,239305,664698,-4.56834,55.8486,261477278.743576,127799.320528065,d09e501a-e01b-4db9-94e2-818ebc3da561
352,S12000039,West Dunbartonshire, ,242904,681587,-4.52074,56.0014,177247820.070007,97119.2862376772,1e7d1fd5-c76f-438b-8569-abc5c88d087c
353,S12000040,West Lothian, ,299483,668514,-3.60909,55.8992,428817973.941391,131722.798590889,7080cc59-b4be-484f-b784-72f63c396434
354,S12000041,Angus, ,345518,759594,-2.89189,56.7248,2185221295.62936,309577.561793339,3308c39e-f7b1-481e-aee1-fce718aec431
355,S12000042,Dundee City, ,340291,732145,-2.97095,56.4776,59843072.0953369,46153.9407153594,727e9b96-6ec0-47f5-a40a-8eccc9937a5f
356,S12000045,East Dunbartonshire, ,261240,676154,-4.22417,55.9583,174471184.215164,97703.6025476449,61557f16-5c3a-4d46-bc42-87b5cbe516b8
357,S12000047,Fife, ,339197,704726,-2.98235,56.2312,1325178380.90987,326035.266291222,ab850d2f-959c-4397-9b6d-371b55b68e14
358,S12000048,Perth and Kinross, ,284304,744186,-3.8848,56.5753,5383648163.24921,611000.775221951,fa695cc5-ae03-4118-b176-20b498c69156
359,S12000049,Glasgow City, ,261534,667033,-4,60,174667730.995331,131767.52999398,626a56f0-7fec-4d7a-a6cf-3d88a8acb802
360,S12000050,North Lanarkshire, ,277984,665608,-4,60,472346588.087662,160438.124741475,4a1880f3-e133-4f3f-84ca-e78cbc05ceb9
361,W06000001,Isle of Anglesey,Ynys Môn,245222,378346,-4.32291,53.2794,714425680.331177,330499.246709442,245ba708-fb8d-412b-8997-086c56c4c3d0
362,W06000002,Gwynedd,Gwynedd,277968,334967,-3.81559,52.8983,2548209752.44254,559831.71060186,892600e9-0e74-49d0-9225-447c7952ae3f
363,W06000003,Conwy,Conwy,283293,362562,-3.74646,53.1474,1130298619.96427,267851.686659165,e5aa1938-a39a-46f4-8f7a-b033c49e0e77
364,W06000004,Denbighshire,Sir Ddinbych,309843,355416,-3.34761,53.0883,838519298.041649,224218.256984668,59a3f053-22d8-4fca-a4c7-5d4ce24a24fc
365,W06000005,Flintshire,Sir y Fflint,321564,369303,-3.17605,53.215,437513349.770027,193171.187640766,be9ed10c-5c7b-45e4-ab4b-74117c50211e
366,W06000006,Wrexham,Wrecsam,333523,345387,-2.99203,53.0017,503684991.766037,184245.431311412,af4eebd3-bd00-498a-aee2-05d1312467f4
367,W06000008,Ceredigion,Ceredigion,267126,268437,-3.94994,52.298,1789014101.32744,356800.984994692,70477fd3-8d14-4907-87b7-3104c4afc93b
368,W06000009,Pembrokeshire,Sir Benfro,199821,221391,-4.90818,51.8551,1618516439.5507,655661.92342092,64f3a085-1f47-4ad7-aedb-a9a22f3a21a6
369,W06000010,Carmarthenshire,Sir Gaerfyrddin,247954,224133,-4.2111,51.895,2371108975.17112,537336.25637974,5a4d2f98-af37-4165-a3c3-9b6442e760cd
370,W06000011,Swansea,Abertawe,264022,197308,-3.96723,51.6581,379566383.866634,253604.531153071,9ba9b882-4cb9-4a29-946f-9bdb69c0562d
371,W06000012,Neath Port Talbot,Castell-nedd Port Talbot,279261,195412,-3.74638,51.6445,442303514.492222,168765.998542191,6f6e223e-9125-4ff8-95f8-ff189ca9044a
372,W06000013,Bridgend,Pen-y-bont ar Ogwr,288242,185868,-3.61359,51.5606,250761028.8195,87633.6211737639,b817b683-9446-4880-9b8b-37bb626fef51
373,W06000014,Vale of Glamorgan,Bro Morgannwg,302946,173083,-3.39803,51.4484,331168781.367592,104195.395484927,086ce067-dfb8-4126-8e8b-b15bc0db7b52
374,W06000015,Cardiff,Caerdydd,315270,178887,-3.22212,51.5025,142364793.158604,76942.6656367246,e432a57e-c2be-4be7-8146-7d3122855dac
375,W06000016,Rhondda Cynon Taf,Rhondda Cynon Taf,302237,192395,-3.41359,51.6218,424122800.424286,127194.237312361,7c0ea41e-b07a-40f5-a6f9-dc1ed3c6526c
376,W06000018,Caerphilly,Caerffili,317245,195259,-3.19753,51.65,277355531.387672,113851.532179661,35d964a0-0f1c-47b2-8f7d-fc1613fc766c
377,W06000019,Blaenau Gwent,Blaenau Gwent,318236,206771,-3.18592,51.7536,108717860.800831,64673.7724452701,ae4580a6-d789-49c6-8808-1737f88b621d
378,W06000020,Torfaen,Torfaen,327459,200480,-3.05101,51.6984,126212190.66473,79049.8338534686,71a9ba9e-c514-4c86-a964-86ecffb9c0f6
379,W06000021,Monmouthshire,Sir Fynwy,337812,209231,-2.9028,51.7783,850291246.424732,218310.870415155,4317d6d3-1e9b-4b60-bab7-3aa2caf6c0a8
380,W06000022,Newport,Casnewydd,337897,187433,-2.89769,51.5823,190507635.218212,148747.859591243,4a5472aa-dbaa-4ad7-b630-65fafbb78732
381,W06000023,Powys,Powys,302328,273254,-3.43533,52.3486,5195410323.92561,590106.160512077,eb749615-17b2-4d48-90d8-ee5f39428bfc
382,W06000024,Merthyr Tydfil,Merthyr Tudful,305916,206424,-3.36425,51.7486,111943092.475609,65340.2078278038,9977fd27-d6be-47de-825a-1bf26c42191c
